HCOM0003,ささやま医療センター様,ささやま医療センター様（厨房）_2024年6月_月間報告書.xlsx
KNSN0002,シルバーステイあじさい ,シルバーステイあじさい様_2024年6月_月間報告書.xlsx
AZNK0010,介護老人保健施設 ひまわり ,介護老人保健施設 ひまわり様_2024年6月_月間報告書.xlsx
KSMC0002,介護老人保健施設 京しみず,介護老人保健施設 京しみず様_2024年6月_月間報告書.xlsx
KYOW0001,協和会病院,協和会病院様_2024年6月_月間報告書.xlsx
HKYU0001,名取病院・セレーナなとり ,名取病院・セレーナなとり様_2024年6月_月間報告書.xlsx
ISHN0001,岡村一心堂病院 ,岡村一心堂病院様_2024年6月_月間報告書.xlsx
NMSH0001,日本医科大学付属病院 ,日本医科大学付属病院様_2024年6月_月間報告書.xlsx
KNSY0001,東新潟病院 ,東新潟病院様_2024年6月_月間報告書.xlsx
KOSK0001,武田病院 ,武田病院様_2024年6月_月間報告書（兼年報）.xlsx
PELA0005,淀川キリスト教病院老人保健施設 ,淀川キリスト教病院様_2024年6月_月間報告書.xlsx
KOWA0002,特別養護老人ホーム 久我山園 ,特別養護老人ホーム 久我山園様_2024年6月_月間報告書.xlsx
KMRK0002,神戸マリナーズ厚生会病院,神戸マリナーズ厚生会病院様_2024年6月_月間報告書.xlsx
SEKO0001,介護老人保健施設 草津ケアセンター ,草津ケアセンター様_2024年6月月_月間報告書（兼年報）.xlsx
MDRN0001,酒井病院・フルーツガーデンさかい ,酒井病院・フルーツガーデンさかい様_2024年6月_月間報告書.xlsx
SNKI0002,鶴巻温泉病院 ,鶴巻温泉病院様_2024年6月_月間報告書.xlsx
